{"cameraMode":{"drawMode":0,"name":"Shaded","section":"Shading Mode"},"sceneLighting":false,"audioPlay":false,"sceneViewState":{"m_AlwaysRefresh":false,"showFog":true,"showSkybox":false,"showFlares":true,"showImageEffects":true,"showParticleSystems":true,"showVisualEffectGraphs":true,"m_FxEnabled":false},"in2DMode":false,"pivot":{"x":0.037836432456970218,"y":2.901728391647339,"z":-0.004777431488037109},"rotation":{"x":-0.01957746036350727,"y":0.7829382419586182,"z":0.024670707061886789,"w":0.6213013529777527},"size":3.585585832595825,"orthographic":false}