{"cameraMode":{"drawMode":0,"name":"Shaded","section":"Shading Mode"},"sceneLighting":true,"audioPlay":false,"sceneViewState":{"m_AlwaysRefresh":false,"showFog":true,"showSkybox":true,"showFlares":true,"showImageEffects":true,"showParticleSystems":true,"showVisualEffectGraphs":true,"m_FxEnabled":false},"in2DMode":false,"pivot":{"x":265.6585693359375,"y":11.793107986450196,"z":231.51185607910157},"rotation":{"x":0.2959188222885132,"y":-0.34960702061653139,"z":0.11742430925369263,"w":0.8811591267585754},"size":1.4371031522750855,"orthographic":false}