{"cameraMode":{"drawMode":0,"name":"Shaded","section":"Shading Mode"},"sceneLighting":true,"audioPlay":false,"sceneViewState":{"m_AlwaysRefresh":false,"showFog":true,"showSkybox":true,"showFlares":true,"showImageEffects":true,"showParticleSystems":true,"showVisualEffectGraphs":true,"m_FxEnabled":false},"in2DMode":false,"pivot":{"x":250.08712768554688,"y":8.166670799255371,"z":214.4333038330078},"rotation":{"x":-0.07398846745491028,"y":-0.15758568048477174,"z":0.011840523220598698,"w":-0.9846606254577637},"size":5.195718288421631,"orthographic":false}