{"cameraMode":{"drawMode":0,"name":"Shaded","section":"Shading Mode"},"sceneLighting":true,"audioPlay":false,"sceneViewState":{"m_AlwaysRefresh":false,"showFog":true,"showSkybox":true,"showFlares":true,"showImageEffects":true,"showParticleSystems":true,"showVisualEffectGraphs":true,"m_FxEnabled":false},"in2DMode":false,"pivot":{"x":414.2196044921875,"y":14.685397148132325,"z":298.0836486816406},"rotation":{"x":0.06789904832839966,"y":-0.45060575008392336,"z":-0.034404218196868899,"w":-0.8894871473312378},"size":1.8055305480957032,"orthographic":false}