{"cameraMode":{"drawMode":0,"name":"Shaded","section":"Shading Mode"},"sceneLighting":true,"audioPlay":false,"sceneViewState":{"m_AlwaysRefresh":false,"showFog":true,"showSkybox":true,"showFlares":true,"showImageEffects":true,"showParticleSystems":true,"showVisualEffectGraphs":true,"m_FxEnabled":false},"in2DMode":false,"pivot":{"x":128.81146240234376,"y":6.1398515701293949,"z":109.10450744628906},"rotation":{"x":-0.026966579258441926,"y":-0.04765983670949936,"z":0.001287562190555036,"w":-0.9985070824623108},"size":168.95587158203126,"orthographic":false}