{"cameraMode":{"drawMode":0,"name":"Shaded","section":"Shading Mode"},"sceneLighting":true,"audioPlay":false,"sceneViewState":{"m_AlwaysRefresh":false,"showFog":true,"showSkybox":true,"showFlares":true,"showImageEffects":true,"showParticleSystems":true,"showVisualEffectGraphs":true,"m_FxEnabled":false},"in2DMode":false,"pivot":{"x":286.7790832519531,"y":11.284610748291016,"z":173.40394592285157},"rotation":{"x":0.10176175087690354,"y":0.8834054470062256,"z":-0.3976883590221405,"w":0.22604969143867494},"size":10.085432052612305,"orthographic":false}