{"cameraMode":{"drawMode":0,"name":"Shaded","section":"Shading Mode"},"sceneLighting":false,"audioPlay":false,"sceneViewState":{"m_AlwaysRefresh":false,"showFog":true,"showSkybox":false,"showFlares":true,"showImageEffects":true,"showParticleSystems":true,"showVisualEffectGraphs":true,"m_FxEnabled":false},"in2DMode":false,"pivot":{"x":0.4437685012817383,"y":5.866114616394043,"z":0.19246196746826173},"rotation":{"x":0.007468329276889563,"y":0.09167424589395523,"z":0.0006870917277410626,"w":-0.995764434337616},"size":16.623083114624025,"orthographic":false}